Date,Name,Year,Letterboxd URI
2023-07-27,Mission: Impossible – Dead Reckoning,2023,https://boxd.it/l7zS
2023-07-27,Spider-Man: Across the Spider-Verse,2023,https://boxd.it/kSz4
2023-07-29,Interstellar,2014,https://boxd.it/4VZ8
2023-07-31,Oppenheimer,2023,https://boxd.it/wUow
2024-04-10,Barbie,2023,https://boxd.it/bCLK
2024-04-10,Everything Everywhere All at Once,2022,https://boxd.it/jUk4
2024-04-10,La La Land,2016,https://boxd.it/a5fa
2024-04-10,Joker,2019,https://boxd.it/h4cS
2024-04-10,Spider-Man: Into the Spider-Verse,2018,https://boxd.it/azpY
2024-04-10,The Batman,2022,https://boxd.it/eDGs
2024-04-10,Knives Out,2019,https://boxd.it/jWEA
2024-04-10,The Dark Knight,2008,https://boxd.it/2b0k
2024-04-10,The Truman Show,1998,https://boxd.it/18U8
2024-04-10,The Grand Budapest Hotel,2014,https://boxd.it/3ZqO
2024-04-10,The Wolf of Wall Street,2013,https://boxd.it/3C1m
2024-04-10,Lady Bird,2017,https://boxd.it/dGNE
2024-04-10,Spider-Man: No Way Home,2021,https://boxd.it/nwRw
2024-04-10,American Psycho,2000,https://boxd.it/28Vs
2024-04-10,The Menu,2022,https://boxd.it/lScm
2024-04-10,The Shining,1980,https://boxd.it/29Nu
2024-04-10,Inglourious Basterds,2009,https://boxd.it/1JzG
2024-04-10,Forrest Gump,1994,https://boxd.it/728
2024-04-10,Avengers: Infinity War,2018,https://boxd.it/9vEe
2024-04-10,Avengers: Endgame,2019,https://boxd.it/9vE4
2024-04-10,The Silence of the Lambs,1991,https://boxd.it/2aHW
2024-04-10,Baby Driver,2017,https://boxd.it/bhF2
2024-04-10,The Social Network,2010,https://boxd.it/17ue
2024-04-10,Call Me by Your Name,2017,https://boxd.it/dYmm
2024-04-10,10 Things I Hate About You,1999,https://boxd.it/23AO
2024-04-10,Jojo Rabbit,2019,https://boxd.it/iEBG
2024-04-10,Black Panther,2018,https://boxd.it/8MHs
2024-04-10,Guardians of the Galaxy,2014,https://boxd.it/3VH2
2024-04-10,Coco,2017,https://boxd.it/bYJQ
2024-04-10,Titanic,1997,https://boxd.it/2a2k
2024-04-10,Guardians of the Galaxy Vol. 3,2023,https://boxd.it/fVNI
2024-04-10,Spider-Man: Homecoming,2017,https://boxd.it/aboM
2024-04-10,Up,2009,https://boxd.it/1OEc
2024-04-10,Star Wars,1977,https://boxd.it/72s
2024-04-10,Inside Out,2015,https://boxd.it/4KHC
2024-04-10,Soul,2020,https://boxd.it/ioLA
2024-04-10,Back to the Future,1985,https://boxd.it/2b8e
2024-04-10,Mean Girls,2004,https://boxd.it/1VNg
2024-04-10,Deadpool,2016,https://boxd.it/9fOC
2024-04-10,Thor: Ragnarok,2017,https://boxd.it/8MHi
2024-04-10,Howl's Moving Castle,2004,https://boxd.it/23De
2024-04-10,The Hunger Games,2012,https://boxd.it/2uds
2024-04-10,Harry Potter and the Prisoner of Azkaban,2004,https://boxd.it/29Qy
2024-04-10,Doctor Strange in the Multiverse of Madness,2022,https://boxd.it/gaTc
2024-04-10,Harry Potter and the Philosopher's Stone,2001,https://boxd.it/29QS
2024-04-10,Spider-Man: Far From Home,2019,https://boxd.it/fegG
2024-04-10,Dunkirk,2017,https://boxd.it/d0Y6
2024-04-10,The Avengers,2012,https://boxd.it/1xFW
2024-04-10,Puss in Boots: The Last Wish,2022,https://boxd.it/aaie
2024-04-10,It,2017,https://boxd.it/bC8e
2024-04-10,The Empire Strikes Back,1980,https://boxd.it/27Vw
2024-04-10,Nightcrawler,2014,https://boxd.it/780m
2024-04-10,Tenet,2020,https://boxd.it/leq4
2024-04-10,Catch Me If You Can,2002,https://boxd.it/29VS
2024-04-10,Spider-Man,2002,https://boxd.it/2a8i
2024-04-10,Coraline,2009,https://boxd.it/1NhQ
2024-04-10,Guardians of the Galaxy Vol. 2,2017,https://boxd.it/8MxC
2024-04-10,Toy Story,1995,https://boxd.it/29qA
2024-04-10,Shrek,2001,https://boxd.it/29zi
2024-04-10,The Devil Wears Prada,2006,https://boxd.it/2awE
2024-04-10,Iron Man,2008,https://boxd.it/28dA
2024-04-10,The Incredibles,2004,https://boxd.it/1XLm
2024-04-10,Finding Nemo,2003,https://boxd.it/72i
2024-04-10,Captain America: Civil War,2016,https://boxd.it/89Ja
2024-04-10,Doctor Strange,2016,https://boxd.it/8MH8
2024-04-10,Home Alone,1990,https://boxd.it/29Fg
2024-04-10,"Monsters, Inc.",2001,https://boxd.it/2a46
2024-04-10,Before Sunrise,1995,https://boxd.it/2bcU
2024-04-10,The Hunger Games: The Ballad of Songbirds & Snakes,2023,https://boxd.it/pZCY
2024-04-10,Star Wars: The Force Awakens,2015,https://boxd.it/4vru
2024-04-10,Spider-Man 2,2004,https://boxd.it/2a88
2024-04-10,Batman Begins,2005,https://boxd.it/2aIg
2024-04-10,Harry Potter and the Goblet of Fire,2005,https://boxd.it/29Qo
2024-04-10,Pride & Prejudice,2005,https://boxd.it/24u8
2024-04-10,The Hunger Games: Catching Fire,2013,https://boxd.it/3sAw
2024-04-10,Captain America: The Winter Soldier,2014,https://boxd.it/3r58
2024-04-10,Harry Potter and the Chamber of Secrets,2002,https://boxd.it/29QI
2024-04-10,Bohemian Rhapsody,2018,https://boxd.it/f1TK
2024-04-10,The Lion King,1994,https://boxd.it/201Q
2024-04-10,Harry Potter and the Deathly Hallows: Part 2,2011,https://boxd.it/1RYk
2024-04-10,Thor: Love and Thunder,2022,https://boxd.it/mMAY
2024-04-10,Return of the Jedi,1983,https://boxd.it/27Vm
2024-04-10,Avengers: Age of Ultron,2015,https://boxd.it/3qi6
2024-04-10,Star Wars: Episode III – Revenge of the Sith,2005,https://boxd.it/27US
2024-04-10,Priscilla,2023,https://boxd.it/Cz3k
2024-04-10,The Nightmare Before Christmas,1993,https://boxd.it/1YzQ
2024-04-10,Harry Potter and the Order of the Phoenix,2007,https://boxd.it/29Qe
2024-04-10,Star Wars: The Last Jedi,2017,https://boxd.it/5xme
2024-04-10,Tangled,2010,https://boxd.it/15gO
2024-04-10,Split,2016,https://boxd.it/dgSy
2024-04-10,Encanto,2021,https://boxd.it/kPRu
2024-04-10,Clueless,1995,https://boxd.it/1Ygk
2024-04-10,Harry Potter and the Half-Blood Prince,2009,https://boxd.it/29FU
2024-04-10,"I, Tonya",2017,https://boxd.it/dzR0
2024-04-10,Shrek 2,2004,https://boxd.it/29z8
2024-04-10,Twilight,2008,https://boxd.it/1Zui
2024-04-10,Harry Potter and the Deathly Hallows: Part 1,2010,https://boxd.it/1RYu
2024-04-10,Ant-Man,2015,https://boxd.it/3vmW
2024-04-10,Captain America: The First Avenger,2011,https://boxd.it/28b0
2024-04-10,The Amazing Spider-Man,2012,https://boxd.it/27PI
2024-04-10,The Favourite,2018,https://boxd.it/d2hI
2024-04-10,Anyone But You,2023,https://boxd.it/EzA8
2024-04-10,Star Wars: Episode I – The Phantom Menace,1999,https://boxd.it/27Vc
2024-04-10,The Great Gatsby,2013,https://boxd.it/JY
2024-04-10,Luca,2021,https://boxd.it/ipjC
2024-04-10,Toy Story 3,2010,https://boxd.it/1WRe
2024-04-10,The Notebook,2004,https://boxd.it/1UNE
2024-04-10,Raiders of the Lost Ark,1981,https://boxd.it/2bbs
2024-04-10,Jennifer's Body,2009,https://boxd.it/1Efw
2024-04-10,Zootopia,2016,https://boxd.it/84xS
2024-04-10,About Time,2013,https://boxd.it/43bI
2024-04-10,Iron Man 3,2013,https://boxd.it/2cBQ
2024-04-10,Incredibles 2,2018,https://boxd.it/7IPg
2024-04-10,Star Wars: Episode II – Attack of the Clones,2002,https://boxd.it/27V2
2024-04-10,Thor,2011,https://boxd.it/1WQU
2024-04-10,The Pianist,2002,https://boxd.it/2aqc
2024-04-10,Moana,2016,https://boxd.it/8tfY
2024-04-10,Toy Story 2,1999,https://boxd.it/29qq
2024-04-10,Charlie and the Chocolate Factory,2005,https://boxd.it/2b68
2024-04-10,Spider-Man 3,2007,https://boxd.it/2a7Y
2024-04-10,John Wick: Chapter 4,2023,https://boxd.it/mh48
2024-04-10,Big Hero 6,2014,https://boxd.it/5rje
2024-04-10,Kingsman: The Secret Service,2014,https://boxd.it/6dxe
2024-04-10,Frozen,2013,https://boxd.it/3GNa
2024-04-10,The Hunger Games: Mockingjay – Part 1,2014,https://boxd.it/4hka
2024-04-10,The Conjuring,2013,https://boxd.it/4sr2
2024-04-10,How to Train Your Dragon,2010,https://boxd.it/1WRy
2024-04-10,When Harry Met Sally...,1989,https://boxd.it/29W2
2024-04-10,Cars,2006,https://boxd.it/29ho
2024-04-10,Legally Blonde,2001,https://boxd.it/1ZNa
2024-04-10,"Crazy, Stupid, Love.",2011,https://boxd.it/D9A
2024-04-10,Ocean's Eleven,2001,https://boxd.it/2aZm
2024-04-10,A Star Is Born,2018,https://boxd.it/aXgc
2024-04-10,The Exorcist,1973,https://boxd.it/1Yoo
2024-04-10,Corpse Bride,2005,https://boxd.it/24WQ
2024-04-10,The Imitation Game,2014,https://boxd.it/6aig
2024-04-10,Kung Fu Panda,2008,https://boxd.it/1Yws
2024-04-10,Venom,2018,https://boxd.it/b8wA
2024-04-10,The Hunger Games: Mockingjay – Part 2,2015,https://boxd.it/4hk0
2024-04-10,Toy Story 4,2019,https://boxd.it/9ALu
2024-04-10,Before Sunset,2004,https://boxd.it/2bcg
2024-04-10,The Amazing Spider-Man 2,2014,https://boxd.it/3utM
2024-04-10,Easy A,2010,https://boxd.it/17DK
2024-04-10,13 Going on 30,2004,https://boxd.it/1X6e
2024-04-10,Thor: The Dark World,2013,https://boxd.it/2DqA
2024-04-10,The Lego Movie,2014,https://boxd.it/4pDO
2024-04-10,Love Actually,2003,https://boxd.it/2aeU
2024-04-10,Ford v Ferrari,2019,https://boxd.it/ce74
2024-04-10,The Princess Bride,1987,https://boxd.it/26EY
2024-04-10,The Queen's Gambit,2020,https://boxd.it/s1Ym
2024-04-10,No Time to Die,2021,https://boxd.it/cPX2
2024-04-10,Mulan,1998,https://boxd.it/1VFw
2024-04-10,Pitch Perfect,2012,https://boxd.it/3OsE
2024-04-10,Fantastic Beasts and Where to Find Them,2016,https://boxd.it/7FPC
2024-04-10,Notting Hill,1999,https://boxd.it/2aeK
2024-04-10,Squid Game,2021,https://boxd.it/x1OG
2024-04-10,Wreck-It Ralph,2012,https://boxd.it/2TTS
2024-04-10,Brave,2012,https://boxd.it/bVG
2024-04-10,How to Lose a Guy in 10 Days,2003,https://boxd.it/1XwG
2024-04-10,The Greatest Showman,2017,https://boxd.it/acjI
2024-04-10,Pretty Woman,1990,https://boxd.it/2b6M
2024-04-10,Back to the Future Part II,1989,https://boxd.it/2aYI
2024-04-10,Elf,2003,https://boxd.it/1VyK
2024-04-10,Crazy Rich Asians,2018,https://boxd.it/gfnK
2024-04-10,Finding Dory,2016,https://boxd.it/4aAA
2024-04-10,Indiana Jones and the Last Crusade,1989,https://boxd.it/2baO
2024-04-10,Now You See Me,2013,https://boxd.it/2Bsu
2024-04-10,The Princess Diaries,2001,https://boxd.it/1XCO
2024-04-10,Alice in Wonderland,2010,https://boxd.it/1Spq
2024-04-10,Aladdin,1992,https://boxd.it/29yE
2024-04-10,Monsters University,2013,https://boxd.it/bQm
2024-04-10,Megamind,2010,https://boxd.it/16Sk
2024-04-10,Despicable Me,2010,https://boxd.it/1DD8
2024-04-10,Mr. & Mrs. Smith,2005,https://boxd.it/29CG
2024-04-10,Indiana Jones and the Temple of Doom,1984,https://boxd.it/2bb8
2024-04-10,Home Alone 2: Lost in New York,1992,https://boxd.it/29F6
2024-04-10,Venom: Let There Be Carnage,2021,https://boxd.it/llco
2024-04-10,How the Grinch Stole Christmas,2000,https://boxd.it/1ZHQ
2024-04-10,The Maze Runner,2014,https://boxd.it/5YPM
2024-04-10,Atonement,2007,https://boxd.it/24ui
2024-04-10,The Parent Trap,1998,https://boxd.it/1XJq
2024-04-10,Before Midnight,2013,https://boxd.it/4ive
2024-04-10,Beauty and the Beast,1991,https://boxd.it/1XhG
2024-04-10,Matilda,1996,https://boxd.it/1VhY
2024-04-10,Night at the Museum,2006,https://boxd.it/28wi
2024-04-10,Frozen II,2019,https://boxd.it/aPvo
2024-04-10,Hercules,1997,https://boxd.it/1SDW
2024-04-10,The Wizard of Oz,1939,https://boxd.it/29Xu
2024-04-10,The Theory of Everything,2014,https://boxd.it/7YtA
2024-04-10,Mission: Impossible,1996,https://boxd.it/29d2
2024-04-10,The Twilight Saga: New Moon,2009,https://boxd.it/1Hj2
2024-04-10,Rango,2011,https://boxd.it/QPk
2024-04-10,The Princess and the Frog,2009,https://boxd.it/1WQq
2024-04-10,Loki,2021,https://boxd.it/sbHg
2024-04-10,To All the Boys I've Loved Before,2018,https://boxd.it/gHec
2024-04-10,"Red, White & Royal Blue",2023,https://boxd.it/z3iG
2024-04-10,Kingsman: The Golden Circle,2017,https://boxd.it/buJm
2024-04-10,Chernobyl,2019,https://boxd.it/mkbG
2024-04-10,Hidden Figures,2016,https://boxd.it/dgS4
2024-04-10,Back to the Future Part III,1990,https://boxd.it/2aTS
2024-04-10,"Love, Simon",2018,https://boxd.it/g02s
2024-04-10,Beauty and the Beast,2017,https://boxd.it/ar0c
2024-04-10,The Conjuring 2,2016,https://boxd.it/7GJg
2024-04-10,Shrek the Third,2007,https://boxd.it/29yY
2024-04-10,The Twilight Saga: Eclipse,2010,https://boxd.it/1ytW
2024-04-10,Bridget Jones's Diary,2001,https://boxd.it/29WQ
2024-04-10,Klaus,2019,https://boxd.it/ipoi
2024-04-10,Cars 2,2011,https://boxd.it/H4Y
2024-04-10,Murder on the Orient Express,2017,https://boxd.it/dHjA
2024-04-10,Kung Fu Panda 2,2011,https://boxd.it/G36
2024-04-10,The Fault in Our Stars,2014,https://boxd.it/6BQa
2024-04-10,Fantastic Beasts: The Crimes of Grindelwald,2018,https://boxd.it/bg8G
2024-04-10,Maleficent,2014,https://boxd.it/3v1u
2024-04-10,The Lion King,2019,https://boxd.it/eSjI
2024-04-10,The King's Speech,2010,https://boxd.it/dX0
2024-04-10,Mission: Impossible – Rogue Nation,2015,https://boxd.it/5rI4
2024-04-10,Sherlock Holmes,2009,https://boxd.it/1W2A
2024-04-10,The Twilight Saga: Breaking Dawn – Part 2,2012,https://boxd.it/DdC
2024-04-10,Divergent,2014,https://boxd.it/4VT0
2024-04-10,High School Musical,2006,https://boxd.it/1V0y
2024-04-10,Transformers,2007,https://boxd.it/280c
2024-04-10,Cloudy with a Chance of Meatballs,2009,https://boxd.it/1A40
2024-04-10,Enchanted,2007,https://boxd.it/24co
2024-04-10,First Man,2018,https://boxd.it/cPym
2024-04-10,Despicable Me 2,2013,https://boxd.it/3gg0
2024-04-10,Monster House,2006,https://boxd.it/1Z2e
2024-04-10,The King,2019,https://boxd.it/ieZs
2024-04-10,Moon Knight,2022,https://boxd.it/zeDq
2024-04-10,Passengers,2016,https://boxd.it/8lFu
2024-04-10,Alice in Wonderland,1951,https://boxd.it/1Sz6
2024-05-19,Dune,2021,https://boxd.it/fA7G
2024-05-19,Ratatouille,2007,https://boxd.it/27ww
2024-05-29,Challengers,2024,https://boxd.it/zld0
2024-05-31,Dune: Part Two,2024,https://boxd.it/pUfA
2025-07-22,Superman,2025,https://boxd.it/E9IU
2025-07-22,F1,2025,https://boxd.it/yjVM
2025-07-22,Jurassic World Rebirth,2025,https://boxd.it/KUeE
2025-07-22,The Prestige,2006,https://boxd.it/293w
2025-07-24,Carry-On,2024,https://boxd.it/C0B2
2026-03-27,Prisoners,2013,https://boxd.it/4E5i
2026-03-27,Terminator 2: Judgment Day,1991,https://boxd.it/2aGY
2026-03-27,Saving Private Ryan,1998,https://boxd.it/29ro
2026-03-27,27 Dresses,2008,https://boxd.it/21x4
2026-03-27,Willy Wonka & the Chocolate Factory,1971,https://boxd.it/2aLu
2026-03-27,Black Swan,2010,https://boxd.it/Sw0
2026-03-28,Ready or Not,2019,https://boxd.it/kOf0
2026-03-28,Zootopia 2,2025,https://boxd.it/F0vO
